id,location,text
home.hero.slides.hero_intro.headline,"Slide 1 (intro) — big title at the top","Discover dance, movement and creative experiences at London's iconic County Hall."
home.hero.slides.hero_intro.blurb,"Slide 1 (intro) — description under the title","Dance, movement and creative experiences at London's iconic County Hall on the South Bank — classes, workshops and events for adults of every background and level of experience."
home.hero.slides.hero_intro.cta.label,"Slide 1 (intro) — button label","Explore Classes"
home.hero.slides.hero_intro.image.alt,"Slide 1 (intro) — image description (accessibility)","County Hall Dance Centre on the South Bank"
home.hero.slides.hero_classes.headline,"Slide 2 (Classes) — big title","Classes"
home.hero.slides.hero_classes.blurb,"Slide 2 (Classes) — description under the title","Explore adult classes in Contemporary, Chinese Dance, Tango, Yoga and Tai Chi."
home.hero.slides.hero_classes.cta.label,"Slide 2 (Classes) — button label","View Classes"
home.hero.slides.hero_classes.image.alt,"Slide 2 (Classes) — image description (accessibility)","Adult dance class at County Hall Dance Centre"
home.hero.slides.hero_events.headline,"Slide 3 (Events) — big title","Events"
home.hero.slides.hero_events.blurb,"Slide 3 (Events) — description under the title","Milongas, themed social nights, masterclasses and cross-arts events."
home.hero.slides.hero_events.cta.label,"Slide 3 (Events) — button label","View Events"
home.hero.slides.hero_events.image.alt,"Slide 3 (Events) — image description (accessibility)","Social dance night at County Hall Dance Centre"
home.hero.slides.hero_private_lessons.headline,"Slide 4 (Private Lessons) — big title","Private Lessons & Experiences"
home.hero.slides.hero_private_lessons.blurb,"Slide 4 (Private Lessons) — description under the title","Tailored sessions for individuals, couples, wedding first dances and small groups."
home.hero.slides.hero_private_lessons.cta.label,"Slide 4 (Private Lessons) — button label","Enquire"
home.hero.slides.hero_private_lessons.image.alt,"Slide 4 (Private Lessons) — image description (accessibility)","Private dance lesson at County Hall Dance Centre"
home.hero.slides.hero_studio_hire.headline,"Slide 5 (Venue Hire) — big title","Venue Hire"
home.hero.slides.hero_studio_hire.blurb,"Slide 5 (Venue Hire) — description under the title","A South Bank space for dance, theatre and film rehearsals, castings, workshops and events."
home.hero.slides.hero_studio_hire.cta.label,"Slide 5 (Venue Hire) — button label","Venue Hire"
home.hero.slides.hero_studio_hire.image.alt,"Slide 5 (Venue Hire) — image description (accessibility)","Venue space available for hire at County Hall"
home.hero.slides.hero_membership.headline,"Slide 6 (Membership) — big title","Membership"
home.hero.slides.hero_membership.blurb,"Slide 6 (Membership) — description under the title","A more flexible way to keep dancing, join events and belong to the community."
home.hero.slides.hero_membership.cta.label,"Slide 6 (Membership) — button label","Membership"
home.hero.slides.hero_membership.image.alt,"Slide 6 (Membership) — image description (accessibility)","Members enjoying a class at County Hall Dance Centre"
home.hero.previouslabel,"Hero carousel — Previous slide button (accessibility)","Previous"
home.hero.nextlabel,"Hero carousel — Next slide button (accessibility)","Next"
ui.hero.featuredhighlights,"Hero carousel — screen-reader label for the banner","Featured highlights"
ui.hero.slidenavigation,"Hero carousel — screen-reader label for slide dots","Slide navigation"
ui.hero.slideprefix,"Hero carousel — screen-reader prefix before slide number","Slide"
home.quickactions.overline,"Small label above the section title","Get started"
home.quickactions.items.book_a_class.label,"Card 1 — title (Book a Class)","Book a Class"
home.quickactions.items.book_a_class.description,"Card 1 — short description","See the weekly timetable and reserve your place."
home.quickactions.items.book_an_event.label,"Card 2 — title (Book an Event)","Book an Event"
home.quickactions.items.book_an_event.description,"Card 2 — short description","Workshops, masterclasses, social nights and performances — see what's on and book your place."
home.quickactions.items.join_now.label,"Card 3 — title (Join Now)","Join Now"
home.quickactions.items.join_now.description,"Card 3 — short description","Become a member and enjoy monthly, quarterly or annual plans with exclusive benefits."
home.quickactions.linksuffix,"Link text at the bottom of each card (e.g. Learn more →)","Learn more →"
home.events.overline,"Small label above the section title","What's on"
home.events.title,"Section heading","Masterclasses & Events"
home.events.viewall.label,"View all events — link at the end of the row","View all events"
home.events.items.memory_of_china.title,"Event card 1 — event name","Memory of China"
home.events.items.memory_of_china.date,"Event card 1 — date","Saturday 3 – Sunday 4 October 2026"
home.events.items.memory_of_china.location,"Event card 1 — location","Members' Terrace, County Hall"
home.events.items.memory_of_china.booknow.label,"Event card 1 — Book Now button","Book Now"
home.events.items.memory_of_china.image.alt,"Event card 1 — image description (accessibility)","Memory of China: Chinese Traditional Arts and Culture Festival at County Hall"
home.events.items.four_seasons_festival.title,"Event card 2 — event name","Four Seasons Festival"
home.events.items.four_seasons_festival.date,"Event card 2 — date","Saturday 24 – Sunday 25 October 2026"
home.events.items.four_seasons_festival.location,"Event card 2 — location","Riverside Building, County Hall"
home.events.items.four_seasons_festival.booknow.label,"Event card 2 — Book Now button","Book Now"
home.events.items.four_seasons_festival.image.alt,"Event card 2 — image description (accessibility)","County Hall and the London Eye beside the River Thames, framed by green leaves"
home.events.items.lunchtime_concert_series.title,"Event card 3 — event name","Lunchtime Concert Series"
home.events.items.lunchtime_concert_series.date,"Event card 3 — date","Friday 25 September 2026, 1pm"
home.events.items.lunchtime_concert_series.location,"Event card 3 — location","Atrium, County Hall"
home.events.items.lunchtime_concert_series.booknow.label,"Event card 3 — Details button","Details"
home.events.items.lunchtime_concert_series.image.alt,"Event card 3 — image description (accessibility)","County Hall Quartet lunchtime concert with cellist Meera Priyanka Raja"
home.events.items.dance_meets_arts.title,"Event card 4 — event name","Dance Meets Arts"
home.events.items.dance_meets_arts.date,"Event card 4 — date","Saturday 8 August 2026, 7:00pm – 8:30pm"
home.events.items.dance_meets_arts.location,"Event card 4 — location","Members' Terrace, County Hall"
home.events.items.dance_meets_arts.booknow.label,"Event card 4 — Details button","Details"
home.events.items.dance_meets_arts.image.alt,"Event card 4 — image description (accessibility)","Dance Meets Arts at County Hall, celebrating dance, music and visual arts"
home.classstyles.overline,"Small label above the section title","Our disciplines"
home.classstyles.title,"Section heading","Class styles"
home.classstyles.items.contemporary.name,"Tile 1 — style name (Contemporary)","Contemporary"
home.classstyles.items.contemporary.image.alt,"Tile 1 — image description (accessibility)","Contemporary dance class"
home.classstyles.items.chinese_dance.name,"Tile 2 — style name (Chinese Dance)","Chinese Dance"
home.classstyles.items.chinese_dance.image.alt,"Tile 2 — image description (accessibility)","Chinese dance class"
home.classstyles.items.tango.name,"Tile 3 — style name (Tango)","Tango"
home.classstyles.items.tango.image.alt,"Tile 3 — image description (accessibility)","Tango class"
home.classstyles.items.yoga.name,"Tile 4 — style name (Yoga)","Yoga"
home.classstyles.items.yoga.image.alt,"Tile 4 — image description (accessibility)","Yoga class"
home.classstyles.items.tai_chi.name,"Tile 5 — style name (Tai Chi)","Tai Chi"
home.classstyles.items.tai_chi.image.alt,"Tile 5 — image description (accessibility)","Tai Chi class"
home.aboutteaser.overline,"Small label above the section title","Our story"
home.aboutteaser.title,"Section heading","Rooted in London, reaching for excellence"
home.aboutteaser.body.0,"First paragraph","Founded at the historic County Hall, our school brings together rigorous technical training and a deeply supportive community."
home.aboutteaser.body.1,"Second paragraph","Whether you are taking your first plié or preparing for vocational study, our faculty guides every student with patience and precision."
home.aboutteaser.cta.label,"Button label (About the school)","About the school"
home.aboutteaser.image.alt,"Photo description (accessibility)","Students and teachers in the County Hall venue corridor"
home.newsletter.overline,"Small label above the section title","Join our circle"
home.newsletter.title,"Section heading","Newsletter & social"
home.newsletter.description,"Description under the heading","Follow our journey and receive curated updates on classes, performances, and exclusive offers."
home.newsletter.placeholder,"Email input placeholder text","Email address"
home.newsletter.submitlabel,"Sign up button label","Sign up"
home.newsletter.socialheading,"Heading above social media icons","Connect with us"

